shujuvalue,dizhivalue,ipvalue,wenjianmingvalue,username,password,status
@,,,,,,0
,172.168.30.13,22,,,,1
,172.168.30.13,22,/root/wenlx/demo-data-20210719.xlsx,,,2
,172.168.30.13,22,/root/wenlx/demo-data-20210719.xlsx,root,,3
,172.168.30.13.13,2222223,/root/wenlx/demo-data-20210719.xlsx,root,admin,4
123456789789654133654788522,172.168.30.13,22,/root/wenlx/demo-data-20210719.xlsx,root,admin,5
excelexcel,172.168.30.13,22,/root/wenlx/demo-data-20210719.xlsx,root,admi,6
excelexcel,172.168.30.13,22,555,root,admin,7
excelexcel,172.168.30.13,22,/root/wenlx/demo-data-20210719.xlsx,root,admin,8
excelexcel,172.168.30.13,22,/root/wenlx/demo-data-20210719.xlsx,root,admin,9
